"store_type","total_sales","percentage_of_sales","number_of_orders"
"Local",4200344.269999866,65.01947512673422,"78319"
"Mall Kiosk",705645.8999999899,10.923087036228292,"13128"
"Outlet",508029.4100000015,7.8640710055763146,"9201"
"Super Store",1045045.1899999839,16.176838223196253,"19263"
"Web Portal",1067.7700000000002,0.016528608250503053,"43"
